AssistantIntent	activate	ActivateAssistantIntent
BooksEntity	audiobook	AudiobookEntity
BooksEntity	book	BookEntity
BooksEntity	settings	BookSettingsEntity
BooksEnum	contentType	BookContentType
BooksEnum	font	BookFont
BooksEnum	fontSize	BookFontSize
BooksEnum	navigationDirection	BookNavigationDirection
BooksEnum	pageNavigationSetting	BookPageNavigationSetting
BooksEnum	relativeCharacterSpacingChange	BookRelativeCharacterSpacingChange
BooksEnum	relativeFontChange	BookRelativeFontChange
BooksEnum	relativeLineSpacingChange	BookRelativeLineSpacingChange
BooksEnum	relativeWordSpacingChange	BookRelativeWordSpacingChange
BooksEnum	theme	BookTheme
BooksIntent	navigatePage	NavigateBookPageIntent
BooksIntent	openBook	OpenBookIntent
BooksIntent	playAudiobook	PlayAudiobookIntent
BooksIntent	search	SearchLibraryIntent
BooksIntent	updateCharacterSpacing	UpdateCharacterSpacingIntent
BooksIntent	updateFontSize	UpdateBookFontSizeIntent
BooksIntent	updateLineSpacing	UpdateBookLineSpacingIntent
BooksIntent	updateSettings	UpdateBookSettingsIntent
BooksIntent	updateWordSpacing	UpdateWordSpacingIntent
BrowserEntity	bookmark	BookmarkEntity
BrowserEntity	tab	TabEntity
BrowserEntity	window	WindowEntity
BrowserEnum	clearHistoryTimeFrame	ClearHistoryTimeFrameEnum
BrowserIntent	bookmarkTab	BookmarkTabIntent
BrowserIntent	bookmarkURL	BookmarkURLIntent
BrowserIntent	clearHistory	ClearHistoryIntent
BrowserIntent	closeTabs	CloseTabsIntent
BrowserIntent	closeWindows	CloseWindowsIntent
BrowserIntent	createTab	CreateTabIntent
BrowserIntent	createWindow	CreateWindowIntent
BrowserIntent	deleteBookmarks	DeleteBookmarksIntent
BrowserIntent	findOnPage	FindOnPageIntent
BrowserIntent	openBookmark	OpenBookmarkIntent
BrowserIntent	openURLInTab	LoadURLInTabIntent
BrowserIntent	search	SearchWebIntent
BrowserIntent	switchTab	SwitchToTabIntent
CameraEnum	captureDevice	CaptureDevice
CameraEnum	captureDuration	CaptureDuration
CameraEnum	captureMode	CaptureMode
CameraIntent	openInCaptureMode	NavigateToCaptureModeIntent
CameraIntent	setDevice	SetActiveDeviceIntent
CameraIntent	startCapture	StartCameraCaptureIntent
CameraIntent	stopCapture	StopCaptureIntent
CameraIntent	switchDevice	FlipCameraIntent
FilesEntity	file	FileEntity
FilesIntent	createFolder	CreateFolderIntent
FilesIntent	deleteFiles	DeleteFilesIntent
FilesIntent	moveFiles	MoveFilesIntent
FilesIntent	openFile	OpenFileIntent
FilesIntent	renameFile	RenameFileIntent
JournalEntity	entry	JournalEntity
JournalIntent	createAudioEntry	CreateJournalAudioEntryIntent
JournalIntent	createEntry	CreateJournalEntryIntent
JournalIntent	deleteEntry	DeleteJournalEntryIntent
JournalIntent	search	SearchJournalEntriesIntent
JournalIntent	updateEntry	UpdateJournalEntryIntent
MailEntity	account	MailAccountEntity
MailEntity	draft	MailDraftEntity
MailEntity	mailbox	MailboxEntity
MailEntity	message	MailMessageEntity
MailIntent	archiveMail	ArchiveMailIntent
MailIntent	createDraft	CreateDraftIntent
MailIntent	deleteDraft	DeleteDraftIntent
MailIntent	deleteMail	DeleteMailIntent
MailIntent	forwardMail	ForwardMailIntent
MailIntent	replyMail	ReplyMailIntent
MailIntent	saveDraft	SaveDraftIntent
MailIntent	sendDraft	SendDraftIntent
MailIntent	updateDraft	UpdateDraftIntent
MailIntent	updateMail	UpdateMailIntent
PhotosEntity	album	PhotoAlbumEntity
PhotosEntity	asset	PhotoEntity
PhotosEntity	recognizedPerson	PhotoPersonEntity
PhotosEnum	albumType	PhotoAlbumType
PhotosEnum	assetType	PhotoAssetType
PhotosEnum	filterType	PhotoFilterEffectType
PhotosEnum	rotationDirection	PhotoRotationDirection
PhotosIntent	addAssetsToAlbum	AddMediaAssetsToAlbumIntent
PhotosIntent	cleanupPhoto	CleanupMediaIntent
PhotosIntent	copyEdits	CopyMediaEditsIntent
PhotosIntent	createAlbum	CreateMediaAlbumIntent
PhotosIntent	createAssets	CreateMediaAssetsIntent
PhotosIntent	crop	CropMediaIntent
PhotosIntent	deleteAlbum	DeleteMediaAlbumIntent
PhotosIntent	deleteAssets	DeleteMediaAssetsIntent
PhotosIntent	duplicateAssets	DuplicateMediaAssetsIntent
PhotosIntent	openAlbum	OpenMediaAlbumIntent
PhotosIntent	openAsset	OpenMediaAssetIntent
PhotosIntent	pasteEdits	PasteMediaEditsIntent
PhotosIntent	postToSharedAlbum	PostToSharedAlbumIntent
PhotosIntent	removeAssetsFromAlbum	RemoveMediaAssetsFromAlbumIntent
PhotosIntent	search	SearchMediaIntent
PhotosIntent	setDepth	SetMediaApertureIntent
PhotosIntent	setExposure	SetMediaExposureIntent
PhotosIntent	setFilter	ApplyMediaFilterIntent
PhotosIntent	setRotation	RotateMediaIntent
PhotosIntent	setSaturation	SetMediaSaturationIntent
PhotosIntent	setWarmth	SetMediaWarmthIntent
PhotosIntent	straighten	StraightenMediaIntent
PhotosIntent	toggleDepth	SetMediaDepthIntent
PhotosIntent	toggleSuggestedEdits	EnhanceMediaIntent
PhotosIntent	updateAlbum	UpdateMediaAlbumIntent
PhotosIntent	updateAsset	UpdateMediaAssetIntent
PhotosIntent	updateRecognizedPerson	UpdateMediaPersonIntent
PresentationEntity	document	PresentationEntity
PresentationEntity	slide	PresentationSlideEntity
PresentationEntity	template	PresentationTemplateEntity
PresentationIntent	addAudioToSlide	AddAudioToPresentationSlideIntent
PresentationIntent	addCommentToSlide	AddCommentToPresentationSlideIntent
PresentationIntent	addImageToSlide	AddImageToPresentationSlideIntent
PresentationIntent	addTextBoxToSlide	AddTextBoxToPresentationSlideIntent
PresentationIntent	addVideoToSlide	AddVideoToPresentationSlideIntent
PresentationIntent	addWebVideoToSlide	AddWebVideoToPresentationSlideIntent
PresentationIntent	create	CreatePresentationIntent
PresentationIntent	createSlide	CreatePresentationSlideIntent
PresentationIntent	deleteSlide	DeletePresentationSlideIntent
PresentationIntent	open	OpenPresentationIntent
PresentationIntent	openSlide	OpenPresentationSlideIntent
PresentationIntent	setSlideTitle	UpdatePresentationSlideIntent
PresentationIntent	startPlayback	StartPlaybackPresentationIntent
PresentationIntent	stopPlayback	StopPlaybackPresentationIntent
PresentationIntent	update	UpdatePresentationIntent
ReaderEntity	document	ReaderDocumentEntity
ReaderEntity	page	ReaderPageEntity
ReaderEnum	documentKind	ReaderDocumentKind
ReaderIntent	deletePages	ReaderDeletePagesIntent
ReaderIntent	enhanceDocuments	ReaderEnhanceDocumentsIntent
ReaderIntent	insertPages	ReaderInsertPagesIntent
ReaderIntent	openDocument	ReaderOpenDocumentsIntent
ReaderIntent	openPage	ReaderOpenPageIntent
ReaderIntent	resizeDocuments	ReaderResizeDocumentsIntent
ReaderIntent	rotateDocuments	ReaderRotateDocumentsIntent
ReaderIntent	rotatePages	ReaderRotatePagesIntent
ReaderIntent	searchDocuments	SearchReaderDocumentsIntent
SpreadsheetEntity	document	SpreadsheetEntity
SpreadsheetEntity	sheet	SheetEntity
SpreadsheetEntity	template	SpreadsheetTemplateEntity
SpreadsheetIntent	addAudioToSheet	AddAudioToSheetIntent
SpreadsheetIntent	addCommentToSheet	AddCommentToSheetIntent
SpreadsheetIntent	addImageToSheet	AddImageToSheetIntent
SpreadsheetIntent	addTextBoxToSheet	AddTextboxToSheetIntent
SpreadsheetIntent	addVideoToSheet	AddVideoToSheetIntent
SpreadsheetIntent	addWebVideoToSheet	AddWebVideoToSheetIntent
SpreadsheetIntent	create	CreateSpreadsheetIntent
SpreadsheetIntent	createSheet	CreateSheetIntent
SpreadsheetIntent	delete	DeleteSpreadsheetIntent
SpreadsheetIntent	deleteSheet	DeleteSheetIntent
SpreadsheetIntent	open	OpenSpreadsheetIntent
SpreadsheetIntent	openSheet	OpenSheetIntent
SpreadsheetIntent	update	UpdateSpreadsheetIntent
SpreadsheetIntent	updateSheet	UpdateSheetIntent
SystemIntent	search	ShowInAppSearchResultsIntent
VisualIntelligenceIntent	semanticContentSearch	ShowVisualSearchResultsInAppIntent
WhiteboardEntity	board	CanvasEntity
WhiteboardEntity	item	CanvasItemEntity
WhiteboardEnum	color	CanvasColor
WhiteboardEnum	itemType	CanvasItemType
WhiteboardIntent	createBoard	CreateCanvasBoardIntent
WhiteboardIntent	createItem	CreateCanvasItemIntent
WhiteboardIntent	deleteBoard	DeleteCanvasBoardIntent
WhiteboardIntent	deleteItem	DeleteCanvasItemIntent
WhiteboardIntent	openBoard	OpenCanvasBoardIntent
WhiteboardIntent	updateBoard	UpdateCanvasBoardIntent
WhiteboardIntent	updateItem	UpdateCanvasItemIntent
WordProcessorEntity	document	WordProcessorDocumentEntity
WordProcessorEntity	page	WordProcessorPageEntity
WordProcessorEntity	template	WordProcessorDocumentTemplateEntity
WordProcessorIntent	addAudioToPage	AddAudioToWordProcessorPageIntent
WordProcessorIntent	addImageToPage	AddImageToWordProcessorPageIntent
WordProcessorIntent	addTextBoxToPage	AddTextBoxToWordProcessorPageIntent
WordProcessorIntent	addVideoToPage	AddVideoToWordProcessorPageIntent
WordProcessorIntent	addWebVideoToPage	AddWebVideoToWordProcessorPageIntent
WordProcessorIntent	create	CreateWordProcessorDocumentIntent
WordProcessorIntent	createPage	CreateWordProcessorPageIntent
WordProcessorIntent	open	OpenWordProcessorDocumentIntent
WordProcessorIntent	openPage	OpenWordProcessorPageIntent
